{"cameraMode":{"drawMode":0,"name":"Shaded","section":"Shading Mode"},"sceneLighting":false,"audioPlay":false,"sceneViewState":{"showFog":true,"showMaterialUpdate":false,"showSkybox":true,"showFlares":true,"showImageEffects":true,"showParticleSystems":true},"in2DMode":false,"pivot":{"x":6.316075801849365,"y":4.489791393280029,"z":6.145535469055176},"rotation":{"x":-0.0471479669213295,"y":0.7010931372642517,"z":-0.046557530760765079,"w":-0.709984540939331},"size":0.1732049137353897,"orthographic":false}