{"cameraMode":{"drawMode":0,"name":"Shaded","section":"Shading Mode"},"sceneLighting":true,"audioPlay":false,"sceneViewState":{"showFog":true,"showMaterialUpdate":false,"showSkybox":true,"showFlares":true,"showImageEffects":true,"showParticleSystems":true},"in2DMode":false,"pivot":{"x":-0.5994791984558106,"y":0.5482020378112793,"z":-1.7645084857940674},"rotation":{"x":-0.19477570056915284,"y":-0.7964479923248291,"z":0.333273708820343,"w":-0.4654693901538849},"size":0.3073950409889221,"orthographic":false}