{"cameraMode":{"drawMode":0,"name":"Shaded","section":"Shading Mode"},"sceneLighting":true,"audioPlay":false,"sceneViewState":{"showFog":true,"showMaterialUpdate":false,"showSkybox":true,"showFlares":true,"showImageEffects":true,"showParticleSystems":true},"in2DMode":false,"pivot":{"x":-12.109683990478516,"y":1.6759730577468873,"z":16.936153411865236},"rotation":{"x":0.047898102551698688,"y":0.9489639401435852,"z":-0.1774166226387024,"w":0.2565212547779083},"size":1.2538201808929444,"orthographic":false}