{"cameraMode":{"drawMode":0,"name":"Shaded","section":"Shading Mode"},"sceneLighting":true,"audioPlay":false,"sceneViewState":{"showFog":true,"showMaterialUpdate":false,"showSkybox":true,"showFlares":true,"showImageEffects":true,"showParticleSystems":true},"in2DMode":false,"pivot":{"x":7.12148904800415,"y":1.3454396724700928,"z":4.98590087890625},"rotation":{"x":0.07697581499814987,"y":0.3176124691963196,"z":-0.025924667716026307,"w":0.94479900598526},"size":0.14390261471271516,"orthographic":false}