{"cameraMode":{"drawMode":0,"name":"Shaded","section":"Shading Mode"},"sceneLighting":true,"audioPlay":false,"sceneViewState":{"showFog":true,"showMaterialUpdate":false,"showSkybox":true,"showFlares":true,"showImageEffects":true,"showParticleSystems":true},"in2DMode":false,"pivot":{"x":-11.319124221801758,"y":1.639272689819336,"z":19.325891494750978},"rotation":{"x":-0.012175201438367367,"y":0.6893978714942932,"z":-0.01158853992819786,"w":-0.7241988182067871},"size":1.4777040481567383,"orthographic":false}