{"cameraMode":{"drawMode":0,"name":"Shaded","section":"Shading Mode"},"sceneLighting":true,"audioPlay":false,"sceneViewState":{"showFog":true,"showMaterialUpdate":false,"showSkybox":true,"showFlares":true,"showImageEffects":true,"showParticleSystems":true},"in2DMode":false,"pivot":{"x":-2.615401268005371,"y":-0.10795903205871582,"z":24.117183685302736},"rotation":{"x":0.155727356672287,"y":0.4996000826358795,"z":-0.09189531952142716,"w":0.8472447991371155},"size":3.0740787982940676,"orthographic":false}