{"cameraMode":{"drawMode":0,"name":"Shaded","section":"Shading Mode"},"sceneLighting":false,"audioPlay":false,"sceneViewState":{"showFog":true,"showMaterialUpdate":false,"showSkybox":true,"showFlares":true,"showImageEffects":true,"showParticleSystems":true},"in2DMode":false,"pivot":{"x":-3.416139841079712,"y":2.082197427749634,"z":0.7960491180419922},"rotation":{"x":0.2582966089248657,"y":0.21091599762439729,"z":-0.0578969269990921,"w":0.9409846663475037},"size":16.060853958129884,"orthographic":false}