{"cameraMode":{"drawMode":0,"name":"Shaded","section":"Shading Mode"},"sceneLighting":false,"audioPlay":false,"sceneViewState":{"showFog":true,"showMaterialUpdate":false,"showSkybox":true,"showFlares":true,"showImageEffects":true,"showParticleSystems":true},"in2DMode":false,"pivot":{"x":10.928446769714356,"y":1.4489662647247315,"z":18.664182662963868},"rotation":{"x":-0.05215546488761902,"y":-0.9464754462242127,"z":0.2500789165496826,"w":-0.19755087792873383},"size":6.557123184204102,"orthographic":false}