{"cameraMode":{"drawMode":0,"name":"Shaded","section":"Shading Mode"},"sceneLighting":false,"audioPlay":false,"sceneViewState":{"showFog":true,"showMaterialUpdate":false,"showSkybox":true,"showFlares":true,"showImageEffects":true,"showParticleSystems":true},"in2DMode":false,"pivot":{"x":-0.4118814468383789,"y":1.664703369140625,"z":-1.2829718589782715},"rotation":{"x":0.00010679171828087419,"y":0.9982729554176331,"z":-0.058775756508111957,"w":0.0017983276629820467},"size":3.5103652477264406,"orthographic":false}