{"cameraMode":{"drawMode":0,"name":"Shaded","section":"Shading Mode"},"sceneLighting":false,"audioPlay":false,"sceneViewState":{"showFog":true,"showMaterialUpdate":false,"showSkybox":true,"showFlares":true,"showImageEffects":true,"showParticleSystems":true},"in2DMode":false,"pivot":{"x":-0.14799998700618745,"y":0.5007998943328857,"z":-2.253000020980835},"rotation":{"x":-0.2410723716020584,"y":0.5020009875297546,"z":-0.14805087447166444,"w":-0.8173356056213379},"size":0.8031201958656311,"orthographic":false}