{"cameraMode":{"drawMode":0,"name":"Shaded","section":"Shading Mode"},"sceneLighting":false,"audioPlay":false,"sceneViewState":{"showFog":true,"showMaterialUpdate":false,"showSkybox":true,"showFlares":true,"showImageEffects":true,"showParticleSystems":true},"in2DMode":false,"pivot":{"x":5.394765377044678,"y":-1.7779475450515748,"z":-3.4780309200286867},"rotation":{"x":0.13470734655857087,"y":0.780215322971344,"z":-0.18005776405334474,"w":0.5837005376815796},"size":4.110365390777588,"orthographic":false}