{"cameraMode":{"drawMode":0,"name":"Shaded","section":"Shading Mode"},"sceneLighting":false,"audioPlay":false,"sceneViewState":{"showFog":true,"showMaterialUpdate":false,"showSkybox":true,"showFlares":true,"showImageEffects":true,"showParticleSystems":true},"in2DMode":false,"pivot":{"x":0.16021424531936646,"y":1.4307283163070679,"z":11.112821578979493},"rotation":{"x":-0.002099426928907633,"y":0.05247572064399719,"z":0.00010910096898442134,"w":0.9986235499382019},"size":4.165868282318115,"orthographic":false}