{"cameraMode":{"drawMode":0,"name":"Shaded","section":"Shading Mode"},"sceneLighting":true,"audioPlay":false,"sceneViewState":{"showFog":true,"showMaterialUpdate":false,"showSkybox":true,"showFlares":true,"showImageEffects":true,"showParticleSystems":true},"in2DMode":false,"pivot":{"x":9.843999862670899,"y":1.2419999837875367,"z":19.868999481201173},"rotation":{"x":0.030109578743577005,"y":0.6758741736412048,"z":-0.02753516100347042,"w":0.7360251545906067},"size":7.618654251098633,"orthographic":false}