{"cameraMode":{"drawMode":0,"name":"Shaded","section":"Shading Mode"},"sceneLighting":true,"audioPlay":false,"sceneViewState":{"showFog":true,"showMaterialUpdate":false,"showSkybox":true,"showFlares":true,"showImageEffects":true,"showParticleSystems":true},"in2DMode":false,"pivot":{"x":-11.100000381469727,"y":1.7710000276565552,"z":16.847000122070314},"rotation":{"x":0.06416182965040207,"y":0.1357865035533905,"z":-0.00881236046552658,"w":0.9886205792427063},"size":0.17320553958415986,"orthographic":false}