{"cameraMode":{"drawMode":0,"name":"Shaded","section":"Shading Mode"},"sceneLighting":true,"audioPlay":false,"sceneViewState":{"showFog":true,"showMaterialUpdate":false,"showSkybox":true,"showFlares":true,"showImageEffects":true,"showParticleSystems":true},"in2DMode":false,"pivot":{"x":0.1568782776594162,"y":-4.291024684906006,"z":-8.21640396118164},"rotation":{"x":-0.000386834581149742,"y":0.9596726298332214,"z":-0.2814822793006897,"w":-0.0014723445056006313},"size":7.162386417388916,"orthographic":false}