{"cameraMode":{"drawMode":0,"name":"Shaded","section":"Shading Mode"},"sceneLighting":true,"audioPlay":false,"sceneViewState":{"showFog":true,"showMaterialUpdate":false,"showSkybox":true,"showFlares":true,"showImageEffects":true,"showParticleSystems":true},"in2DMode":false,"pivot":{"x":1.6494636535644532,"y":-0.679619312286377,"z":12.864020347595215},"rotation":{"x":-0.07702817022800446,"y":-0.9034010171890259,"z":0.1829383373260498,"w":-0.380237877368927},"size":14.539509773254395,"orthographic":false}