{"cameraMode":{"drawMode":0,"name":"Shaded","section":"Shading Mode"},"sceneLighting":false,"audioPlay":false,"sceneViewState":{"showFog":true,"showMaterialUpdate":false,"showSkybox":true,"showFlares":true,"showImageEffects":true,"showParticleSystems":true},"in2DMode":false,"pivot":{"x":1.5557529926300049,"y":0.6760374307632446,"z":-4.137145042419434},"rotation":{"x":0.11179391294717789,"y":0.8693217039108276,"z":-0.22968728840351106,"w":0.4231357276439667},"size":0.2157955765724182,"orthographic":false}