{"cameraMode":{"drawMode":0,"name":"Shaded","section":"Shading Mode"},"sceneLighting":true,"audioPlay":false,"sceneViewState":{"showFog":true,"showMaterialUpdate":false,"showSkybox":true,"showFlares":true,"showImageEffects":true,"showParticleSystems":true},"in2DMode":false,"pivot":{"x":1.1082065105438233,"y":-2.0005390644073488,"z":-19.408771514892579},"rotation":{"x":-0.1397903710603714,"y":-0.8041675686836243,"z":0.20860469341278077,"w":-0.5388796329498291},"size":13.569584846496582,"orthographic":false}