{"cameraMode":{"drawMode":0,"name":"Shaded","section":"Shading Mode"},"sceneLighting":true,"audioPlay":false,"sceneViewState":{"showFog":true,"showMaterialUpdate":false,"showSkybox":true,"showFlares":true,"showImageEffects":true,"showParticleSystems":true},"in2DMode":false,"pivot":{"x":2.5218913555145265,"y":-0.1591329574584961,"z":12.98550033569336},"rotation":{"x":0.0594668835401535,"y":0.9162547588348389,"z":-0.3673560917377472,"w":0.14832088351249696},"size":0.8607217669487,"orthographic":false}