{"cameraMode":{"drawMode":0,"name":"Shaded","section":"Shading Mode"},"sceneLighting":true,"audioPlay":false,"sceneViewState":{"showFog":true,"showMaterialUpdate":false,"showSkybox":true,"showFlares":true,"showImageEffects":true,"showParticleSystems":true},"in2DMode":false,"pivot":{"x":-4.102960586547852,"y":1.702463984489441,"z":23.512256622314454},"rotation":{"x":-0.006219880655407906,"y":0.5014708042144775,"z":0.003606917103752494,"w":0.8651484251022339},"size":1.539278268814087,"orthographic":false}