{"cameraMode":{"drawMode":0,"name":"Shaded","section":"Shading Mode"},"sceneLighting":false,"audioPlay":false,"sceneViewState":{"showFog":true,"showMaterialUpdate":false,"showSkybox":true,"showFlares":true,"showImageEffects":true,"showParticleSystems":true},"in2DMode":false,"pivot":{"x":10.457874298095704,"y":1.3693954944610596,"z":22.433055877685548},"rotation":{"x":-0.06368380039930344,"y":-0.5310314297676086,"z":0.0400654599070549,"w":-0.844020664691925},"size":4.298269748687744,"orthographic":false}