{"cameraMode":{"drawMode":0,"name":"Shaded","section":"Shading Mode"},"sceneLighting":false,"audioPlay":false,"sceneViewState":{"showFog":true,"showMaterialUpdate":false,"showSkybox":true,"showFlares":true,"showImageEffects":true,"showParticleSystems":true},"in2DMode":false,"pivot":{"x":-0.19225233793258668,"y":0.6325892210006714,"z":-1.1243705749511719},"rotation":{"x":-0.10845734924077988,"y":-0.6114819049835205,"z":0.08511779457330704,"w":-0.7791576385498047},"size":1.3771352767944337,"orthographic":false}