{"cameraMode":{"drawMode":0,"name":"Shaded","section":"Shading Mode"},"sceneLighting":false,"audioPlay":false,"sceneViewState":{"showFog":true,"showMaterialUpdate":false,"showSkybox":true,"showFlares":true,"showImageEffects":true,"showParticleSystems":true},"in2DMode":false,"pivot":{"x":1.44651460647583,"y":-1.4313130378723145,"z":-6.5494065284729},"rotation":{"x":-0.04830780625343323,"y":-0.9501885771751404,"z":0.24344287812709809,"w":-0.1885538101196289},"size":3.7228641510009767,"orthographic":false}