{"cameraMode":{"drawMode":0,"name":"Shaded","section":"Shading Mode"},"sceneLighting":true,"audioPlay":false,"sceneViewState":{"showFog":true,"showMaterialUpdate":false,"showSkybox":true,"showFlares":true,"showImageEffects":true,"showParticleSystems":true},"in2DMode":false,"pivot":{"x":6.981882095336914,"y":1.4624336957931519,"z":4.811223030090332},"rotation":{"x":0.2571619153022766,"y":0.13713769614696504,"z":-0.03689451143145561,"w":0.9558764696121216},"size":0.1439027190208435,"orthographic":false}