{"cameraMode":{"drawMode":0,"name":"Shaded","section":"Shading Mode"},"sceneLighting":false,"audioPlay":false,"sceneViewState":{"showFog":true,"showMaterialUpdate":false,"showSkybox":false,"showFlares":true,"showImageEffects":true,"showParticleSystems":true},"in2DMode":false,"pivot":{"x":-0.00017230026423931122,"y":0.0024763792753219606,"z":-0.0036764899268746378},"rotation":{"x":-0.1924697458744049,"y":0.7398974895477295,"z":-0.23767025768756867,"w":-0.599182665348053},"size":0.13566452264785767,"orthographic":false}