{"cameraMode":{"drawMode":0,"name":"Shaded","section":"Shading Mode"},"sceneLighting":true,"audioPlay":false,"sceneViewState":{"showFog":true,"showMaterialUpdate":false,"showSkybox":true,"showFlares":true,"showImageEffects":true,"showParticleSystems":true},"in2DMode":false,"pivot":{"x":16.10146141052246,"y":-5.990475177764893,"z":22.540176391601564},"rotation":{"x":0.09344983845949173,"y":0.6847395896911621,"z":-0.0888773649930954,"w":0.7174746990203857},"size":23.72519302368164,"orthographic":false}