{"cameraMode":{"drawMode":0,"name":"Shaded","section":"Shading Mode"},"sceneLighting":true,"audioPlay":false,"sceneViewState":{"showFog":true,"showMaterialUpdate":false,"showSkybox":true,"showFlares":true,"showImageEffects":true,"showParticleSystems":true},"in2DMode":false,"pivot":{"x":-0.5637012720108032,"y":1.486563801765442,"z":18.45134735107422},"rotation":{"x":-0.0013528483686968685,"y":0.9923310279846191,"z":0.010103554464876652,"w":0.12448117136955261},"size":0.5645128488540649,"orthographic":false}