{"cameraMode":{"drawMode":0,"name":"Shaded","section":"Shading Mode"},"sceneLighting":true,"audioPlay":false,"sceneViewState":{"showFog":true,"showMaterialUpdate":false,"showSkybox":true,"showFlares":true,"showImageEffects":true,"showParticleSystems":true},"in2DMode":false,"pivot":{"x":0.8551738262176514,"y":4.2339253425598148,"z":20.45684242248535},"rotation":{"x":0.04971444606781006,"y":0.7255736589431763,"z":-0.0524294339120388,"w":0.6844860911369324},"size":15.051342964172364,"orthographic":false}