{"cameraMode":{"drawMode":0,"name":"Shaded","section":"Shading Mode"},"sceneLighting":true,"audioPlay":false,"sceneViewState":{"showFog":true,"showMaterialUpdate":false,"showSkybox":true,"showFlares":true,"showImageEffects":true,"showParticleSystems":true},"in2DMode":false,"pivot":{"x":-6.468549728393555,"y":1.3414549827575684,"z":22.963268280029298},"rotation":{"x":0.00003814078445429914,"y":1.00002920627594,"z":0.013194303028285504,"w":-0.014639277942478657},"size":0.7659587860107422,"orthographic":false}