{"cameraMode":{"drawMode":0,"name":"Shaded","section":"Shading Mode"},"sceneLighting":true,"audioPlay":false,"sceneViewState":{"showFog":true,"showMaterialUpdate":false,"showSkybox":true,"showFlares":true,"showImageEffects":true,"showParticleSystems":true},"in2DMode":false,"pivot":{"x":23.506793975830079,"y":-4.007604122161865,"z":16.16886329650879},"rotation":{"x":0.06370432674884796,"y":0.6953115463256836,"z":-0.06172860786318779,"w":0.7134236693382263},"size":25.229135513305665,"orthographic":false}