{"cameraMode":{"drawMode":0,"name":"Shaded","section":"Shading Mode"},"sceneLighting":true,"audioPlay":false,"sceneViewState":{"showFog":true,"showMaterialUpdate":false,"showSkybox":true,"showFlares":true,"showImageEffects":true,"showParticleSystems":true},"in2DMode":false,"pivot":{"x":-6.37736701965332,"y":0.9503954648971558,"z":19.945270538330079},"rotation":{"x":-0.0546000599861145,"y":0.7005659937858582,"z":-0.053916171193122867,"w":-0.709450364112854},"size":4.1673359870910648,"orthographic":false}