{"cameraMode":{"drawMode":0,"name":"Shaded","section":"Shading Mode"},"sceneLighting":false,"audioPlay":false,"sceneViewState":{"showFog":true,"showMaterialUpdate":false,"showSkybox":false,"showFlares":true,"showImageEffects":true,"showParticleSystems":true},"in2DMode":false,"pivot":{"x":-29.404693603515626,"y":533.2632446289063,"z":-600.0},"rotation":{"x":0.020991701632738115,"y":0.026104778051376344,"z":-0.0005520589184015989,"w":0.9994596838951111},"size":1361.2125244140625,"orthographic":false}