{"cameraMode":{"drawMode":0,"name":"Shaded","section":"Shading Mode"},"sceneLighting":true,"audioPlay":false,"sceneViewState":{"showFog":true,"showMaterialUpdate":false,"showSkybox":true,"showFlares":true,"showImageEffects":true,"showParticleSystems":true},"in2DMode":false,"pivot":{"x":-4.804083824157715,"y":1.6678740978240967,"z":21.676708221435548},"rotation":{"x":0.21501506865024568,"y":0.7157530188560486,"z":-0.24997420608997346,"w":0.6156715154647827},"size":10.131699562072754,"orthographic":false}