{"cameraMode":{"drawMode":0,"name":"Shaded","section":"Shading Mode"},"sceneLighting":false,"audioPlay":false,"sceneViewState":{"showFog":true,"showMaterialUpdate":false,"showSkybox":true,"showFlares":true,"showImageEffects":true,"showParticleSystems":true},"in2DMode":false,"pivot":{"x":244.78131103515626,"y":428.0500793457031,"z":-322.484619140625},"rotation":{"x":0.07017277181148529,"y":0.08728592097759247,"z":-0.006163357757031918,"w":0.9937096238136292},"size":196.03424072265626,"orthographic":false}