{"cameraMode":{"drawMode":0,"name":"Shaded","section":"Shading Mode"},"sceneLighting":false,"audioPlay":false,"sceneViewState":{"showFog":true,"showMaterialUpdate":false,"showSkybox":false,"showFlares":true,"showImageEffects":true,"showParticleSystems":true},"in2DMode":false,"pivot":{"x":-0.5678834915161133,"y":2.2925732135772707,"z":-6.277774810791016},"rotation":{"x":0.07587629556655884,"y":0.7402297258377075,"z":-0.08475278317928314,"w":0.6626882553100586},"size":10.0,"orthographic":false}