{"cameraMode":{"drawMode":0,"name":"Shaded","section":"Shading Mode"},"sceneLighting":true,"audioPlay":false,"sceneViewState":{"showFog":true,"showMaterialUpdate":false,"showSkybox":true,"showFlares":true,"showImageEffects":true,"showParticleSystems":true},"in2DMode":false,"pivot":{"x":-11.782928466796875,"y":1.3736929893493653,"z":16.821861267089845},"rotation":{"x":0.20698891580104829,"y":-0.005870045628398657,"z":0.0012418391415849329,"w":0.9783251285552979},"size":1.0732057094573975,"orthographic":false}