{"cameraMode":{"drawMode":0,"name":"Shaded","section":"Shading Mode"},"sceneLighting":true,"audioPlay":false,"sceneViewState":{"showFog":true,"showMaterialUpdate":false,"showSkybox":true,"showFlares":true,"showImageEffects":true,"showParticleSystems":true},"in2DMode":false,"pivot":{"x":13.650289535522461,"y":-0.05012460798025131,"z":4.046304702758789},"rotation":{"x":0.03570945933461189,"y":0.6563926935195923,"z":-0.031140988692641259,"w":0.7529383301734924},"size":9.298795700073243,"orthographic":false}