{"cameraMode":{"drawMode":0,"name":"Shaded","section":"Shading Mode"},"sceneLighting":false,"audioPlay":false,"sceneViewState":{"showFog":true,"showMaterialUpdate":false,"showSkybox":true,"showFlares":true,"showImageEffects":true,"showParticleSystems":true},"in2DMode":false,"pivot":{"x":9.955957412719727,"y":1.0139998197555543,"z":19.364200592041017},"rotation":{"x":0.07695098966360092,"y":0.8883267641067505,"z":-0.1616484522819519,"w":0.42287856340408327},"size":0.9412972331047058,"orthographic":false}