{"cameraMode":{"drawMode":0,"name":"Shaded","section":"Shading Mode"},"sceneLighting":false,"audioPlay":false,"sceneViewState":{"showFog":true,"showMaterialUpdate":false,"showSkybox":true,"showFlares":true,"showImageEffects":true,"showParticleSystems":true},"in2DMode":false,"pivot":{"x":-5.835116386413574,"y":0.5323358178138733,"z":26.511375427246095},"rotation":{"x":0.09281130880117417,"y":-0.1177048310637474,"z":0.011054676957428456,"w":0.9886561632156372},"size":0.6688135862350464,"orthographic":false}