{"cameraMode":{"drawMode":0,"name":"Shaded","section":"Shading Mode"},"sceneLighting":false,"audioPlay":false,"sceneViewState":{"showFog":true,"showMaterialUpdate":false,"showSkybox":true,"showFlares":true,"showImageEffects":true,"showParticleSystems":true},"in2DMode":false,"pivot":{"x":-5.386422157287598,"y":1.7503995895385743,"z":26.989578247070314},"rotation":{"x":0.264668345451355,"y":0.15538480877876283,"z":-0.04326352849602699,"w":0.9507696032524109},"size":0.6266549229621887,"orthographic":false}