{"cameraMode":{"drawMode":0,"name":"Shaded","section":"Shading Mode"},"sceneLighting":false,"audioPlay":false,"sceneViewState":{"showFog":true,"showMaterialUpdate":false,"showSkybox":true,"showFlares":true,"showImageEffects":true,"showParticleSystems":true},"in2DMode":false,"pivot":{"x":-5.883725166320801,"y":1.1831375360488892,"z":26.54562759399414},"rotation":{"x":-0.04572633281350136,"y":-0.08231928199529648,"z":-0.003777771955356002,"w":0.9955652952194214},"size":0.9688135981559753,"orthographic":false}