{"cameraMode":{"drawMode":0,"name":"Shaded","section":"Shading Mode"},"sceneLighting":false,"audioPlay":false,"sceneViewState":{"showFog":true,"showMaterialUpdate":false,"showSkybox":true,"showFlares":true,"showImageEffects":true,"showParticleSystems":true},"in2DMode":false,"pivot":{"x":2.027066230773926,"y":0.29024651646614077,"z":13.631407737731934},"rotation":{"x":0.14826151728630067,"y":0.6797890663146973,"z":-0.1431867778301239,"w":0.7038611769676209},"size":0.37321439385414126,"orthographic":false}