{"cameraMode":{"drawMode":0,"name":"Shaded","section":"Shading Mode"},"sceneLighting":false,"audioPlay":false,"sceneViewState":{"showFog":true,"showMaterialUpdate":false,"showSkybox":true,"showFlares":true,"showImageEffects":true,"showParticleSystems":true},"in2DMode":false,"pivot":{"x":3.1143717765808107,"y":0.476057767868042,"z":14.490509986877442},"rotation":{"x":0.403888463973999,"y":-0.2004205882549286,"z":0.09116562455892563,"w":0.8879166841506958},"size":1.824850082397461,"orthographic":false}