{"cameraMode":{"drawMode":0,"name":"Shaded","section":"Shading Mode"},"sceneLighting":false,"audioPlay":false,"sceneViewState":{"showFog":true,"showMaterialUpdate":false,"showSkybox":true,"showFlares":true,"showImageEffects":true,"showParticleSystems":true},"in2DMode":false,"pivot":{"x":2.919166326522827,"y":-0.4661524295806885,"z":-14.922861099243164},"rotation":{"x":0.3008289635181427,"y":0.6069425344467163,"z":-0.2662535309791565,"w":0.685762345790863},"size":4.732748031616211,"orthographic":false}