{"cameraMode":{"drawMode":0,"name":"Shaded","section":"Shading Mode"},"sceneLighting":false,"audioPlay":false,"sceneViewState":{"showFog":true,"showMaterialUpdate":false,"showSkybox":true,"showFlares":true,"showImageEffects":true,"showParticleSystems":true},"in2DMode":false,"pivot":{"x":1.552039384841919,"y":1.6886482238769532,"z":14.210317611694336},"rotation":{"x":0.02152128331363201,"y":0.5656927227973938,"z":-0.01476585865020752,"w":0.8242126107215881},"size":5.700453758239746,"orthographic":false}