{"cameraMode":{"drawMode":0,"name":"Shaded","section":"Shading Mode"},"sceneLighting":false,"audioPlay":false,"sceneViewState":{"showFog":true,"showMaterialUpdate":false,"showSkybox":true,"showFlares":true,"showImageEffects":true,"showParticleSystems":true},"in2DMode":false,"pivot":{"x":-5.806879043579102,"y":0.1878151297569275,"z":26.809778213500978},"rotation":{"x":0.2162044644355774,"y":-0.2500958740711212,"z":0.05740141496062279,"w":0.942031741142273},"size":0.956737220287323,"orthographic":false}