{"cameraMode":{"drawMode":0,"name":"Shaded","section":"Shading Mode"},"sceneLighting":false,"audioPlay":false,"sceneViewState":{"showFog":true,"showMaterialUpdate":false,"showSkybox":true,"showFlares":true,"showImageEffects":true,"showParticleSystems":true},"in2DMode":false,"pivot":{"x":-6.06397008895874,"y":1.592303991317749,"z":23.16901206970215},"rotation":{"x":-0.04100988060235977,"y":0.9454035758972168,"z":-0.13131117820739747,"w":-0.2955625057220459},"size":0.7022191882133484,"orthographic":false}