{"cameraMode":{"drawMode":0,"name":"Shaded","section":"Shading Mode"},"sceneLighting":false,"audioPlay":false,"sceneViewState":{"showFog":true,"showMaterialUpdate":false,"showSkybox":true,"showFlares":true,"showImageEffects":true,"showParticleSystems":true},"in2DMode":false,"pivot":{"x":5.055095672607422,"y":0.056077003479003909,"z":-2.383645534515381},"rotation":{"x":-0.07465770095586777,"y":-0.913814902305603,"z":0.19620630145072938,"w":-0.34771794080734255},"size":8.571168899536133,"orthographic":false}