{"cameraMode":{"drawMode":0,"name":"Shaded","section":"Shading Mode"},"sceneLighting":false,"audioPlay":false,"sceneViewState":{"showFog":true,"showMaterialUpdate":false,"showSkybox":true,"showFlares":true,"showImageEffects":true,"showParticleSystems":true},"in2DMode":false,"pivot":{"x":-1.2040436267852784,"y":4.187122344970703,"z":1.8704618215560914},"rotation":{"x":0.025572504848241807,"y":-0.9709161520004273,"z":0.12151964008808136,"w":0.20482727885246278},"size":3.443589448928833,"orthographic":false}