{"cameraMode":{"drawMode":0,"name":"Shaded","section":"Shading Mode"},"sceneLighting":false,"audioPlay":false,"sceneViewState":{"showFog":true,"showMaterialUpdate":false,"showSkybox":true,"showFlares":true,"showImageEffects":true,"showParticleSystems":true},"in2DMode":false,"pivot":{"x":-6.294514179229736,"y":1.5855162143707276,"z":23.42095184326172},"rotation":{"x":0.00041386389057151973,"y":0.9993343353271484,"z":-0.034490782767534259,"w":0.011992585845291615},"size":0.1183476448059082,"orthographic":false}