{"cameraMode":{"drawMode":0,"name":"Shaded","section":"Shading Mode"},"sceneLighting":false,"audioPlay":false,"sceneViewState":{"showFog":true,"showMaterialUpdate":false,"showSkybox":true,"showFlares":true,"showImageEffects":true,"showParticleSystems":true},"in2DMode":false,"pivot":{"x":-10.602904319763184,"y":0.460036039352417,"z":15.97219181060791},"rotation":{"x":-0.42342671751976015,"y":-0.05212721601128578,"z":0.02441306971013546,"w":-0.9041022658348084},"size":1.2247450351715088,"orthographic":false}