{"cameraMode":{"drawMode":0,"name":"Shaded","section":"Shading Mode"},"sceneLighting":false,"audioPlay":false,"sceneViewState":{"showFog":true,"showMaterialUpdate":false,"showSkybox":true,"showFlares":true,"showImageEffects":true,"showParticleSystems":true},"in2DMode":false,"pivot":{"x":-5.714911460876465,"y":0.23067015409469605,"z":26.58696746826172},"rotation":{"x":-0.08618100732564926,"y":0.7063764929771423,"z":-0.0873253345489502,"w":-0.6971231698989868},"size":0.0777415931224823,"orthographic":false}