{"cameraMode":{"drawMode":0,"name":"Shaded","section":"Shading Mode"},"sceneLighting":true,"audioPlay":false,"sceneViewState":{"showFog":true,"showMaterialUpdate":false,"showSkybox":true,"showFlares":true,"showImageEffects":true,"showParticleSystems":true},"in2DMode":false,"pivot":{"x":2.919044017791748,"y":0.7759081125259399,"z":1.1396069526672364},"rotation":{"x":0.09082765132188797,"y":0.7722359895706177,"z":-0.1134042888879776,"w":0.6184985041618347},"size":2.1073949337005617,"orthographic":false}