{"cameraMode":{"drawMode":0,"name":"Shaded","section":"Shading Mode"},"sceneLighting":false,"audioPlay":false,"sceneViewState":{"showFog":true,"showMaterialUpdate":false,"showSkybox":true,"showFlares":true,"showImageEffects":true,"showParticleSystems":true},"in2DMode":false,"pivot":{"x":1.8140597343444825,"y":1.6967350244522095,"z":6.173734188079834},"rotation":{"x":0.011085071600973606,"y":-0.9882345795631409,"z":0.0876861959695816,"w":0.12487447261810303},"size":3.2292940616607668,"orthographic":false}