{"cameraMode":{"drawMode":0,"name":"Shaded","section":"Shading Mode"},"sceneLighting":true,"audioPlay":false,"sceneViewState":{"showFog":true,"showMaterialUpdate":false,"showSkybox":true,"showFlares":true,"showImageEffects":true,"showParticleSystems":true},"in2DMode":false,"pivot":{"x":1.0716173648834229,"y":2.5119876861572267,"z":1.3462586402893067},"rotation":{"x":0.20931532979011537,"y":0.7167330980300903,"z":-0.2421479970216751,"w":0.619551956653595},"size":4.42872953414917,"orthographic":false}