{"cameraMode":{"drawMode":0,"name":"Shaded","section":"Shading Mode"},"sceneLighting":true,"audioPlay":false,"sceneViewState":{"showFog":true,"showMaterialUpdate":false,"showSkybox":true,"showFlares":true,"showImageEffects":true,"showParticleSystems":true},"in2DMode":false,"pivot":{"x":-6.341578006744385,"y":-1.1374053955078126,"z":10.905892372131348},"rotation":{"x":-0.09963969886302948,"y":0.7637426853179932,"z":-0.12153297662734986,"w":-0.6261179447174072},"size":5.90847110748291,"orthographic":false}