{"cameraMode":{"drawMode":0,"name":"Shaded","section":"Shading Mode"},"sceneLighting":false,"audioPlay":false,"sceneViewState":{"showFog":true,"showMaterialUpdate":false,"showSkybox":true,"showFlares":true,"showImageEffects":true,"showParticleSystems":true},"in2DMode":false,"pivot":{"x":-0.4418528079986572,"y":0.17385601997375489,"z":3.765679359436035},"rotation":{"x":-0.34608376026153567,"y":0.46756982803344729,"z":-0.2056208848953247,"w":-0.786973774433136},"size":3.275254964828491,"orthographic":false}