{"cameraMode":{"drawMode":0,"name":"Shaded","section":"Shading Mode"},"sceneLighting":true,"audioPlay":false,"sceneViewState":{"showFog":true,"showMaterialUpdate":false,"showSkybox":true,"showFlares":true,"showImageEffects":true,"showParticleSystems":true},"in2DMode":false,"pivot":{"x":-9.26455307006836,"y":1.2457000017166138,"z":15.0352783203125},"rotation":{"x":0.04413645341992378,"y":0.8684946298599243,"z":-0.07865151762962342,"w":0.48749369382858279},"size":1.3073807954788209,"orthographic":false}