{"cameraMode":{"drawMode":0,"name":"Shaded","section":"Shading Mode"},"sceneLighting":true,"audioPlay":false,"sceneViewState":{"showFog":true,"showMaterialUpdate":false,"showSkybox":true,"showFlares":true,"showImageEffects":true,"showParticleSystems":true},"in2DMode":false,"pivot":{"x":-5.978168964385986,"y":0.8460793495178223,"z":25.431072235107423},"rotation":{"x":-0.28687018156051638,"y":0.04653268679976463,"z":-0.013952861540019513,"w":-0.9567463397979736},"size":0.6813830137252808,"orthographic":false}