{"cameraMode":{"drawMode":0,"name":"Shaded","section":"Shading Mode"},"sceneLighting":true,"audioPlay":false,"sceneViewState":{"showFog":true,"showMaterialUpdate":false,"showSkybox":true,"showFlares":true,"showImageEffects":true,"showParticleSystems":true},"in2DMode":false,"pivot":{"x":-5.78868293762207,"y":0.628104567527771,"z":26.44821548461914},"rotation":{"x":-0.33939969539642336,"y":-0.09935706853866577,"z":0.036079149693250659,"w":-0.9346921443939209},"size":0.16918855905532838,"orthographic":false}