{"cameraMode":{"drawMode":0,"name":"Shaded","section":"Shading Mode"},"sceneLighting":false,"audioPlay":false,"sceneViewState":{"showFog":true,"showMaterialUpdate":false,"showSkybox":true,"showFlares":true,"showImageEffects":true,"showParticleSystems":true},"in2DMode":false,"pivot":{"x":0.05433523654937744,"y":1.2398545742034913,"z":1.6165329217910767},"rotation":{"x":-0.10001121461391449,"y":0.8077474236488342,"z":-0.14349105954170228,"w":-0.5629870891571045},"size":0.9810044169425964,"orthographic":false}