{"cameraMode":{"drawMode":0,"name":"Shaded","section":"Shading Mode"},"sceneLighting":false,"audioPlay":false,"sceneViewState":{"showFog":true,"showMaterialUpdate":false,"showSkybox":true,"showFlares":true,"showImageEffects":true,"showParticleSystems":true},"in2DMode":false,"pivot":{"x":3.676999568939209,"y":-3.3584680557250978,"z":-8.100749969482422},"rotation":{"x":0.05619265139102936,"y":0.9419549703598023,"z":-0.20165839791297913,"w":0.2625182271003723},"size":5.442946434020996,"orthographic":false}