{"cameraMode":{"drawMode":0,"name":"Shaded","section":"Shading Mode"},"sceneLighting":true,"audioPlay":false,"sceneViewState":{"showFog":true,"showMaterialUpdate":false,"showSkybox":true,"showFlares":true,"showImageEffects":true,"showParticleSystems":true},"in2DMode":false,"pivot":{"x":-13.361416816711426,"y":-10.031813621520996,"z":12.991440773010254},"rotation":{"x":-0.13119976222515107,"y":0.8618594408035278,"z":-0.2825627028942108,"w":-0.4001792073249817},"size":10.095884323120118,"orthographic":false}