{"cameraMode":{"drawMode":0,"name":"Shaded","section":"Shading Mode"},"sceneLighting":true,"audioPlay":false,"sceneViewState":{"showFog":true,"showMaterialUpdate":false,"showSkybox":true,"showFlares":true,"showImageEffects":true,"showParticleSystems":true},"in2DMode":false,"pivot":{"x":-5.661989688873291,"y":0.2057020366191864,"z":26.66697883605957},"rotation":{"x":-0.25699904561042788,"y":0.22279419004917146,"z":-0.06101180613040924,"w":-0.9384148120880127},"size":0.3784199357032776,"orthographic":false}