{"cameraMode":{"drawMode":0,"name":"Shaded","section":"Shading Mode"},"sceneLighting":true,"audioPlay":false,"sceneViewState":{"showFog":true,"showMaterialUpdate":false,"showSkybox":true,"showFlares":true,"showImageEffects":true,"showParticleSystems":true},"in2DMode":false,"pivot":{"x":-4.266274452209473,"y":1.9634877443313599,"z":-2.2376203536987306},"rotation":{"x":0.09732691943645477,"y":0.7028399109840393,"z":-0.09987279772758484,"w":0.6985689401626587},"size":2.881627321243286,"orthographic":false}