{"cameraMode":{"drawMode":0,"name":"Shaded","section":"Shading Mode"},"sceneLighting":false,"audioPlay":false,"sceneViewState":{"showFog":true,"showMaterialUpdate":false,"showSkybox":true,"showFlares":true,"showImageEffects":true,"showParticleSystems":true},"in2DMode":false,"pivot":{"x":-8.989547729492188,"y":2.5071585178375246,"z":-3.8876442909240724},"rotation":{"x":-0.016225503757596017,"y":-0.7026782035827637,"z":0.016029315069317819,"w":-0.7111555933952332},"size":2.4654879570007326,"orthographic":false}