{"cameraMode":{"drawMode":0,"name":"Shaded","section":"Shading Mode"},"sceneLighting":true,"audioPlay":false,"sceneViewState":{"showFog":true,"showMaterialUpdate":false,"showSkybox":true,"showFlares":true,"showImageEffects":true,"showParticleSystems":true},"in2DMode":false,"pivot":{"x":14.213804244995118,"y":-1.9062659740447999,"z":19.810884475708009},"rotation":{"x":0.21190010011196137,"y":0.664531946182251,"z":-0.2044384777545929,"w":0.6871210932731628},"size":2.7246205806732179,"orthographic":false}