{"cameraMode":{"drawMode":0,"name":"Shaded","section":"Shading Mode"},"sceneLighting":false,"audioPlay":false,"sceneViewState":{"showFog":true,"showMaterialUpdate":false,"showSkybox":true,"showFlares":true,"showImageEffects":true,"showParticleSystems":true},"in2DMode":false,"pivot":{"x":-3.5348174571990969,"y":2.800823926925659,"z":-2.1111080646514894},"rotation":{"x":0.12575142085552216,"y":0.8670220971107483,"z":-0.4041702449321747,"w":0.2662261724472046},"size":1.0387518405914307,"orthographic":false}