{"cameraMode":{"drawMode":0,"name":"Shaded","section":"Shading Mode"},"sceneLighting":false,"audioPlay":false,"sceneViewState":{"showFog":true,"showMaterialUpdate":false,"showSkybox":true,"showFlares":true,"showImageEffects":true,"showParticleSystems":true},"in2DMode":false,"pivot":{"x":-5.147130012512207,"y":2.7868897914886476,"z":19.63738441467285},"rotation":{"x":0.04797927290201187,"y":0.7456832528114319,"z":-0.054014671593904498,"w":0.6623749136924744},"size":0.9018082022666931,"orthographic":false}