{"cameraMode":{"drawMode":0,"name":"Shaded","section":"Shading Mode"},"sceneLighting":true,"audioPlay":false,"sceneViewState":{"showFog":true,"showMaterialUpdate":false,"showSkybox":true,"showFlares":true,"showImageEffects":true,"showParticleSystems":true},"in2DMode":false,"pivot":{"x":18.37526512145996,"y":-4.892904281616211,"z":16.22395133972168},"rotation":{"x":-0.12139897048473358,"y":-0.643763542175293,"z":0.10441605746746063,"w":-0.7483593225479126},"size":20.179033279418947,"orthographic":false}