{"cameraMode":{"drawMode":0,"name":"Shaded","section":"Shading Mode"},"sceneLighting":true,"audioPlay":false,"sceneViewState":{"showFog":true,"showMaterialUpdate":false,"showSkybox":true,"showFlares":true,"showImageEffects":true,"showParticleSystems":true},"in2DMode":false,"pivot":{"x":-14.380314826965332,"y":0.2938188314437866,"z":18.75827407836914},"rotation":{"x":-0.10793492943048477,"y":0.7289693355560303,"z":-0.11831808090209961,"w":-0.6658729314804077},"size":2.9880967140197756,"orthographic":false}