{"cameraMode":{"drawMode":0,"name":"Shaded","section":"Shading Mode"},"sceneLighting":true,"audioPlay":false,"sceneViewState":{"showFog":true,"showMaterialUpdate":false,"showSkybox":true,"showFlares":true,"showImageEffects":true,"showParticleSystems":true},"in2DMode":false,"pivot":{"x":0.4625241756439209,"y":1.7481342554092408,"z":0.5651906132698059},"rotation":{"x":-0.0037111795973032715,"y":0.7521857023239136,"z":0.0043159485794603828,"w":0.6592403054237366},"size":2.455864906311035,"orthographic":false}