{"cameraMode":{"drawMode":0,"name":"Shaded","section":"Shading Mode"},"sceneLighting":true,"audioPlay":false,"sceneViewState":{"showFog":true,"showMaterialUpdate":false,"showSkybox":true,"showFlares":true,"showImageEffects":true,"showParticleSystems":true},"in2DMode":false,"pivot":{"x":21.21844482421875,"y":-13.555840492248536,"z":1.7503331899642945},"rotation":{"x":0.1974198967218399,"y":0.7291903495788574,"z":-0.2354423850774765,"w":0.6114538311958313},"size":17.659345626831056,"orthographic":false}