{"cameraMode":{"drawMode":0,"name":"Shaded","section":"Shading Mode"},"sceneLighting":false,"audioPlay":false,"sceneViewState":{"showFog":true,"showMaterialUpdate":false,"showSkybox":true,"showFlares":true,"showImageEffects":true,"showParticleSystems":true},"in2DMode":false,"pivot":{"x":24.175525665283204,"y":-0.43256676197052,"z":18.135398864746095},"rotation":{"x":-0.030595622956752778,"y":-0.7148635387420654,"z":0.03133709356188774,"w":-0.6979042291641235},"size":15.872159004211426,"orthographic":false}