{"cameraMode":{"drawMode":0,"name":"Shaded","section":"Shading Mode"},"sceneLighting":false,"audioPlay":false,"sceneViewState":{"showFog":true,"showMaterialUpdate":false,"showSkybox":true,"showFlares":true,"showImageEffects":true,"showParticleSystems":true},"in2DMode":false,"pivot":{"x":-7.588871002197266,"y":-0.21224498748779298,"z":26.053485870361329},"rotation":{"x":0.11998710036277771,"y":-0.7675706744194031,"z":0.15066178143024445,"w":0.6113768815994263},"size":12.691762924194336,"orthographic":false}