{"cameraMode":{"drawMode":0,"name":"Shaded","section":"Shading Mode"},"sceneLighting":true,"audioPlay":false,"sceneViewState":{"showFog":true,"showMaterialUpdate":false,"showSkybox":true,"showFlares":true,"showImageEffects":true,"showParticleSystems":true},"in2DMode":false,"pivot":{"x":23.827377319335939,"y":0.8105126619338989,"z":16.42371368408203},"rotation":{"x":-0.015791047364473344,"y":-0.7608461976051331,"z":0.018480809405446054,"w":-0.648555338382721},"size":9.428863525390625,"orthographic":false}