{"cameraMode":{"drawMode":0,"name":"Shaded","section":"Shading Mode"},"sceneLighting":true,"audioPlay":false,"sceneViewState":{"showFog":true,"showMaterialUpdate":false,"showSkybox":true,"showFlares":true,"showImageEffects":true,"showParticleSystems":true},"in2DMode":false,"pivot":{"x":-0.1671290397644043,"y":0.9766831398010254,"z":2.8874425888061525},"rotation":{"x":-0.2349587231874466,"y":0.21541644632816316,"z":-0.053356677293777469,"w":-0.9464484453201294},"size":2.433558464050293,"orthographic":false}