{"cameraMode":{"drawMode":0,"name":"Shaded","section":"Shading Mode"},"sceneLighting":false,"audioPlay":false,"sceneViewState":{"showFog":true,"showMaterialUpdate":false,"showSkybox":true,"showFlares":true,"showImageEffects":true,"showParticleSystems":true},"in2DMode":false,"pivot":{"x":0.8553036451339722,"y":0.4781096577644348,"z":15.313739776611329},"rotation":{"x":0.009466970339417458,"y":-0.9784385561943054,"z":0.20120421051979066,"w":0.046128273010253909},"size":0.9572693705558777,"orthographic":false}