{"cameraMode":{"drawMode":0,"name":"Shaded","section":"Shading Mode"},"sceneLighting":true,"audioPlay":false,"sceneViewState":{"showFog":true,"showMaterialUpdate":false,"showSkybox":true,"showFlares":true,"showImageEffects":true,"showParticleSystems":true},"in2DMode":false,"pivot":{"x":-7.282007217407227,"y":-1.843409776687622,"z":26.1270809173584},"rotation":{"x":-0.30991899967193606,"y":0.5735177397727966,"z":-0.2483222782611847,"w":-0.7167556285858154},"size":6.984738826751709,"orthographic":false}