{"cameraMode":{"drawMode":0,"name":"Shaded","section":"Shading Mode"},"sceneLighting":true,"audioPlay":false,"sceneViewState":{"showFog":true,"showMaterialUpdate":false,"showSkybox":true,"showFlares":true,"showImageEffects":true,"showParticleSystems":true},"in2DMode":false,"pivot":{"x":-4.498573303222656,"y":-0.42978960275650027,"z":-11.276076316833496},"rotation":{"x":0.13243140280246736,"y":0.8479350209236145,"z":-0.25004956126213076,"w":0.4499586224555969},"size":3.1816272735595705,"orthographic":false}