{"cameraMode":{"drawMode":0,"name":"Shaded","section":"Shading Mode"},"sceneLighting":true,"audioPlay":false,"sceneViewState":{"showFog":true,"showMaterialUpdate":false,"showSkybox":true,"showFlares":true,"showImageEffects":true,"showParticleSystems":true},"in2DMode":false,"pivot":{"x":0.3782534599304199,"y":0.09802854061126709,"z":14.963443756103516},"rotation":{"x":-0.1838168501853943,"y":-0.71381676197052,"z":0.2035471349954605,"w":-0.6444662809371948},"size":7.110568523406982,"orthographic":false}