{"cameraMode":{"drawMode":0,"name":"Shaded","section":"Shading Mode"},"sceneLighting":true,"audioPlay":false,"sceneViewState":{"showFog":true,"showMaterialUpdate":false,"showSkybox":true,"showFlares":true,"showImageEffects":true,"showParticleSystems":true},"in2DMode":false,"pivot":{"x":187.33706665039063,"y":305.05853271484377,"z":-749.7180786132813},"rotation":{"x":-0.0849793553352356,"y":-0.05079903081059456,"z":-0.004336669109761715,"w":0.9951078295707703},"size":192.0974578857422,"orthographic":false}