{"cameraMode":{"drawMode":0,"name":"Shaded","section":"Shading Mode"},"sceneLighting":false,"audioPlay":false,"sceneViewState":{"showFog":true,"showMaterialUpdate":false,"showSkybox":true,"showFlares":true,"showImageEffects":true,"showParticleSystems":true},"in2DMode":false,"pivot":{"x":2.375399351119995,"y":0.8092406988143921,"z":10.597900390625},"rotation":{"x":-0.20227956771850587,"y":0.07458046823740006,"z":-0.016106946393847467,"w":-0.9765125513076782},"size":5.617012977600098,"orthographic":false}