{"cameraMode":{"drawMode":0,"name":"Shaded","section":"Shading Mode"},"sceneLighting":false,"audioPlay":false,"sceneViewState":{"showFog":true,"showMaterialUpdate":false,"showSkybox":true,"showFlares":true,"showImageEffects":true,"showParticleSystems":true},"in2DMode":false,"pivot":{"x":-5.648165702819824,"y":0.2685779333114624,"z":26.624731063842775},"rotation":{"x":0.24879394471645356,"y":-0.079802505671978,"z":0.020575257018208505,"w":0.9650527834892273},"size":0.39735981822013857,"orthographic":false}