{"cameraMode":{"drawMode":0,"name":"Shaded","section":"Shading Mode"},"sceneLighting":false,"audioPlay":false,"sceneViewState":{"showFog":true,"showMaterialUpdate":false,"showSkybox":true,"showFlares":true,"showImageEffects":true,"showParticleSystems":true},"in2DMode":false,"pivot":{"x":1.491418480873108,"y":-1.5757079124450684,"z":6.4601945877075199},"rotation":{"x":-0.43891075253486636,"y":-0.08247609436511994,"z":0.03968195617198944,"w":-0.8940258622169495},"size":4.259954929351807,"orthographic":false}