{"cameraMode":{"drawMode":0,"name":"Shaded","section":"Shading Mode"},"sceneLighting":true,"audioPlay":false,"sceneViewState":{"showFog":true,"showMaterialUpdate":false,"showSkybox":true,"showFlares":true,"showImageEffects":true,"showParticleSystems":true},"in2DMode":false,"pivot":{"x":0.7192064523696899,"y":-1.7398674488067628,"z":-20.036998748779298},"rotation":{"x":-0.14199179410934449,"y":0.2097274363040924,"z":-0.030798815190792085,"w":-0.9669047594070435},"size":1.405435562133789,"orthographic":false}