{"cameraMode":{"drawMode":0,"name":"Shaded","section":"Shading Mode"},"sceneLighting":false,"audioPlay":false,"sceneViewState":{"showFog":true,"showMaterialUpdate":false,"showSkybox":true,"showFlares":true,"showImageEffects":true,"showParticleSystems":true},"in2DMode":false,"pivot":{"x":1.0419338941574097,"y":-6.516483783721924,"z":11.454792022705079},"rotation":{"x":0.5130148530006409,"y":-0.13501982390880586,"z":0.08210486173629761,"w":0.8437177538871765},"size":11.313486099243164,"orthographic":false}