{"cameraMode":{"drawMode":0,"name":"Shaded","section":"Shading Mode"},"sceneLighting":false,"audioPlay":false,"sceneViewState":{"showFog":true,"showMaterialUpdate":false,"showSkybox":true,"showFlares":true,"showImageEffects":true,"showParticleSystems":true},"in2DMode":false,"pivot":{"x":0.15369796752929688,"y":-1.751517653465271,"z":-10.359551429748536},"rotation":{"x":0.0001858976756921038,"y":0.9997639656066895,"z":-0.009307919070124627,"w":0.019798746332526208},"size":1.5352823734283448,"orthographic":false}