{"cameraMode":{"drawMode":0,"name":"Shaded","section":"Shading Mode"},"sceneLighting":false,"audioPlay":false,"sceneViewState":{"showFog":true,"showMaterialUpdate":false,"showSkybox":true,"showFlares":true,"showImageEffects":true,"showParticleSystems":true},"in2DMode":false,"pivot":{"x":0.02926112711429596,"y":-2.4043824672698976,"z":-14.715437889099121},"rotation":{"x":0.00023647064517717808,"y":0.9995118975639343,"z":-0.03030415065586567,"w":0.007797242142260075},"size":4.7980804443359379,"orthographic":false}