{"cameraMode":{"drawMode":0,"name":"Shaded","section":"Shading Mode"},"sceneLighting":false,"audioPlay":false,"sceneViewState":{"showFog":true,"showMaterialUpdate":false,"showSkybox":true,"showFlares":true,"showImageEffects":true,"showParticleSystems":true},"in2DMode":false,"pivot":{"x":8.175395011901856,"y":0.9822483062744141,"z":20.26679229736328},"rotation":{"x":0.08249367028474808,"y":0.749747633934021,"z":-0.09520835429430008,"w":0.6496425271034241},"size":3.0805201530456545,"orthographic":false}