{"cameraMode":{"drawMode":0,"name":"Shaded","section":"Shading Mode"},"sceneLighting":true,"audioPlay":false,"sceneViewState":{"showFog":true,"showMaterialUpdate":false,"showSkybox":true,"showFlares":true,"showImageEffects":true,"showParticleSystems":true},"in2DMode":false,"pivot":{"x":-6.896193504333496,"y":-1.5844192504882813,"z":27.197795867919923},"rotation":{"x":-0.37493664026260378,"y":0.3182544410228729,"z":-0.1388191431760788,"w":-0.859573245048523},"size":1.7901320457458497,"orthographic":false}