{"cameraMode":{"drawMode":0,"name":"Shaded","section":"Shading Mode"},"sceneLighting":false,"audioPlay":false,"sceneViewState":{"showFog":true,"showMaterialUpdate":false,"showSkybox":true,"showFlares":true,"showImageEffects":true,"showParticleSystems":true},"in2DMode":false,"pivot":{"x":-0.8758606910705566,"y":1.5320446491241456,"z":1.095732569694519},"rotation":{"x":0.06084321066737175,"y":0.5482395887374878,"z":-0.04003612697124481,"w":0.8331499099731445},"size":1.8247449398040772,"orthographic":false}