{"cameraMode":{"drawMode":0,"name":"Shaded","section":"Shading Mode"},"sceneLighting":false,"audioPlay":false,"sceneViewState":{"showFog":true,"showMaterialUpdate":false,"showSkybox":true,"showFlares":true,"showImageEffects":true,"showParticleSystems":true},"in2DMode":false,"pivot":{"x":1.6384010314941407,"y":2.3711318969726564,"z":7.9852495193481449},"rotation":{"x":0.22384297847747804,"y":0.6620609760284424,"z":-0.217490553855896,"w":0.6814025640487671},"size":16.89597511291504,"orthographic":false}