{"cameraMode":{"drawMode":0,"name":"Shaded","section":"Shading Mode"},"sceneLighting":false,"audioPlay":false,"sceneViewState":{"showFog":true,"showMaterialUpdate":false,"showSkybox":true,"showFlares":true,"showImageEffects":true,"showParticleSystems":true},"in2DMode":false,"pivot":{"x":8.94228744506836,"y":-6.779869079589844,"z":18.561481475830079},"rotation":{"x":0.1456688493490219,"y":0.7108218669891357,"z":-0.15440593659877778,"w":0.6706058979034424},"size":11.579435348510743,"orthographic":false}