{"cameraMode":{"drawMode":0,"name":"Shaded","section":"Shading Mode"},"sceneLighting":false,"audioPlay":false,"sceneViewState":{"showFog":true,"showMaterialUpdate":false,"showSkybox":false,"showFlares":true,"showImageEffects":true,"showParticleSystems":true},"in2DMode":false,"pivot":{"x":1.118316650390625,"y":-0.5062179565429688,"z":-0.07880401611328125},"rotation":{"x":-0.17580987513065339,"y":-0.6500445604324341,"z":0.15825702250003816,"w":-0.7221440672874451},"size":87.11712646484375,"orthographic":false}