{"cameraMode":{"drawMode":0,"name":"Shaded","section":"Shading Mode"},"sceneLighting":true,"audioPlay":false,"sceneViewState":{"showFog":true,"showMaterialUpdate":false,"showSkybox":true,"showFlares":true,"showImageEffects":true,"showParticleSystems":true},"in2DMode":false,"pivot":{"x":-10.748347282409668,"y":1.98567533493042,"z":16.051427841186525},"rotation":{"x":0.05250375717878342,"y":0.25362661480903628,"z":-0.013788659125566483,"w":0.9657942056655884},"size":1.3560662269592286,"orthographic":false}